Model,Phase,Precision,Batch,Prompt,Output,Required DRAM GBs,Q_proj OPs,Kv_proj OPs,Out_proj OPs,Self_attention OPs,Mlp OPs,Moe OPs,Lm_head OPs,Embedding Bytes,Q_proj Bytes,Kv_a_proj Bytes,Absorb_self_attention Bytes,Out_proj Bytes,Mlp Bytes,Moe Bytes,Lm_head Bytes
DeepSeek-V3-0324,prefill,a16w4,1,1024,512,335.637086208,6091337367552,2611742769152,14671608283136,5256234663936,2435359703040,47301590515712,1897838673920,478019584,5452857344,1093369856,5700714496,6524239872,1406140416,333150158848,478278144
DeepSeek-V3-0324,decode (once),a16w4,1,1024,512,17.58854208,5948571648,2550530048,14327742464,6421314816,2378280960,46192959488,1853358080,463353856,1491015680,126872192,606720640,3584808960,595335168,10275291136,463612416
