Model,Phase,Precision,Batch,Prompt,Output,Required DRAM GBs,Q_proj OPs,Kv_proj OPs,Out_proj OPs,Self_attention OPs,Mlp OPs,Moe OPs,Lm_head OPs,Embedding Bytes,Q_proj Bytes,Kv_a_proj Bytes,Absorb_self_attention Bytes,Out_proj Bytes,Mlp Bytes,Moe Bytes,Lm_head Bytes
DeepSeek-V3-0324,prefill,a16w4,1,1024,512,335.637086208,6091337367552,2611742769152,14671608283136,5256234663936,2435359703040.0,47301590515712.0,1897838673920,478019584.0,5452857344.0,1093369856.0,5700714496.0,6524239872.0,1406140416.0,333150158848.0,478278144.0
DeepSeek-V3-0324,decode (once),a16w4,1,1024,512,17.58854208,5948571648,2550530048,14327742464,6421314816.0,2378280960.0,46192959488.0,1853358080,463353856.0,1491015680.0,126872192.0,606720640.0,3584808960.0,595335168.0,10275291136.0,463612416.0
