Model,Phase,Precision,Batch,Prompt,Output,Required DRAM GBs,Q_proj OPs,Kv_proj OPs,Out_proj OPs,Self_attention OPs,Mlp OPs,Moe OPs,Lm_head OPs,Embedding Bytes,Q_proj Bytes,Kv_proj Bytes,Self_attention Bytes,Out_proj Bytes,Mlp Bytes,Moe Bytes,Lm_head Bytes
Llama-4-Scout-17B-16E-Instruct-4bit,prefill,a16w4,1,1024,512,54.130049024,2576980377600,1030792151040,2576980377600,1034944512000,0,24748675301376,2118626836480,527728640,1635778560,956301312,1207959552,1635778560,0,58185351168,528132736
Llama-4-Scout-17B-16E-Instruct-4bit,decode (once),a16w4,1,1024,512,8.838096896,2516582400,1006632960,2516582400,1421602560,0,24168628224,2068971520,517253120,630128640,252346368,252837888,630128640,0,6048448512,517657216
