Model,Phase,Precision,Batch,Prompt,Output,Required DRAM GBs,Q_proj OPs,Kv_proj OPs,Out_proj OPs,Self_attention OPs,Mlp OPs,Lm_head OPs,Embedding Bytes,Q_proj Bytes,Kv_proj Bytes,Self_attention Bytes,Out_proj Bytes,Mlp Bytes,Lm_head Bytes
Meta-Llama-3.1-405B-4bit,prefill,a16w4,1,1024,512,206.238121984,69269232549888,17317308137472,69269232549888,8692476936192,675388757901312,4303557230592,1084227584.0,25367150592.0,9512681472.0,9512681472.0,25367150592.0,260013293568.0,1084484096.0
Meta-Llama-3.1-405B-4bit,decode (once),a16w4,1,1024,512,206.360928256,67645734912,16911433728,67645734912,10619223552.0,659559333888,4202692608,1050705920.0,16919691264.0,4233019392.0,1330495488.0,16919691264.0,164979376128.0,1050962432.0
